firstName;lastName;email;password
QA1;TEST;qatest;myPassword
QA2;TEST;qatest;myPassword
QA3;TEST;qatest;myPassword
QA4;TEST;qatest;myPassword
QA5;TEST;qatest;myPassword
QA6;TEST;qatest;myPassword
QA7;TEST;qatest;myPassword
QA8;TEST;qatest;myPassword
QA9;TEST;qatest;myPassword
QA10;TEST;qatest;myPassword
QA11;TEST;qatest;myPassword
QA12;TEST;qatest;myPassword
QA13;TEST;qatest;myPassword
QA14;TEST;qatest;myPassword
QA15;TEST;qatest;myPassword
QA16;TEST;qatest;myPassword
QA17;TEST;qatest;myPassword
QA18;TEST;qatest;myPassword
QA19;TEST;qatest;myPassword
QA20;TEST;qatest;myPassword
