email;password
qatest2@fake.com;myPassword
qatest3@fake.com;myPassword
qatest4@fake.com;myPassword
qatest5@fake.com;myPassword
qatest6@fake.com;myPassword
qatest7@fake.com;myPassword
qatest8@fake.com;myPassword
qatest9@fake.com;myPassword
qatest10@fake.com;myPassword
qatest11@fake.com;myPassword
qatest12@fake.com;myPassword
qatest13@fake.com;myPassword
qatest14@fake.com;myPassword
qatest15@fake.com;myPassword
qatest16@fake.com;myPassword
qatest17@fake.com;myPassword
qatest18@fake.com;myPassword
qatest19@fake.com;myPassword
qatest20@fake.com;myPassword
